contig	repeat_start	repeat_start_20_before_100_after	repeat_type	sequence_directly_after_repeat	repeat_end	repeat_start_minus_300	repeat_end_plus_300	repeat_count	repeat_type_and_count	closest_gene
chrX	833522	AACAGAGCAAGACTCCATCTCAAACAAACAAACAAACAAACAAAGAAAAAAACTACATGATTGCTGTTTTTGTTTTATCTCTGTGCTCTGAAACTATCCTATCCTATGTGCAAGAATGGGT	CAAA	GAAAAAAACT	833546	833222	833846	6	CAAA(6)	SHOX
chrX	1109474	CAGCTGGGGCAAGAAAGAAAGAAGGAAGGAAGGAAGGAAGGAAGGAAGGAGGGAGGGAGGGAGGGAGGGAGGGAGGGAGGGAGGAGGAAGGAAAGAAATGGACGGAAAGAAAGGGAAGGAA	GAAG	GAGGGAGGGA	1109502	1109174	1109802	7	GAAG(7)	CRLF2
chrX	1466865	TCCTTCCTTCTCTTCTTCCCTCCTTCCTTCCTTCCTTCCTTCCTTCCCGCCCTCCCTCCCTCCCGTCCTTCCTTGGATCAGGGAGGTCATTGGAGACCTCGGCCCACGTCAGAGGCTGAGA	TCCT	TCCCGCCCTC	1466889	1466565	1467189	6	TCCT(6)	P2RY8
chrX	1658563	TCCAAGCCCCAGCACACTTTTTTGTTTGTTTGTTTGTTTGTTTGTTTTGCAGTTTGCAGGTGATAGTTTCTAAAGATGTGTTTTTCTATTTTTCTTTCTTTCTTTCTTTTTTTTTTTTTTT	TTTG	TTTTGCAGTT	1658587	1658263	1658887	6	TTTG(6)	ASMT
chrX	4551340	TATGTATGTATGTATGTATGTATCTATCTATCTATCTATCTATCTATCTATTTATTATCTATCTATCCCTCTATGCTGGTGAGGGGATGAGAAGGGCACTTTACCTCTGTGGTATTTGTTC	TATC	TATTTATTAT	4551368	4551040	4551668	7	TATC(7)	FAM239B
chrX	31267106	ACGGAAAGGAAAAAGAAAAGAGAAAGAAAGAAAGAAAGAAAGAAAGAAAGAGGATGGGGATTTAAGGTAGACCCAGGAACCTGGAAGCCACACACCGCTCTGCTAACACCTCCTTAAAGCC	AGAA	AGAGGATGGG	31267134	31266806	31267434	7	AGAA(7)	DMD
chrX	39613271	AAAAGGTAAGGACCTCACTGAGGAAGGAAGGAAGGAAGGAAGGAAGGAAGGGAGGGAGGGAGGGAGGGAGGTTGGATGGGAGGGGAGGGGAGGAAGAAAGAGAGAAAGAGAGGAAGAAAAA	AGGA	AGGGAGGGAG	39613299	39612971	39613599	7	AGGA(7)	MIR3937
chrX	46836337	AGCGAGACCCTGTGAAAGAAAAAGAAAGAAAGAAAGAAAGAAAGAAAGAAAGAAAGAAAGAAAGAAAGAAAGAAAGAAAGAAAGAGCACAGAAGAGGATTGGGAGGTTATGGGGTACAATT	AAAG	AGCACAGAAG	46836401	46836037	46836701	16	AAAG(16)	RP2
chrX	48013010	CCTTCTCATGACTTCCCATCTGCTTGCTTGCTTGCTTGCTTGCTTCCTTTCTTTCTTTCTTTCTTTCTTTCTTTCTGACAAGGTCTCACTCTGTCACCTAGGCTGGAGTGCAGAGGTGCGA	TGCT	TCCTTTCTTT	48013034	48012710	48013334	6	TGCT(6)	ZNF630
chrX	48244717	AAGAAAGAAAGAAAGAAAGAAAAGAAAGAAAGAAAGAAAGAAAGAAAGAAAGAAAGAAAGAAAGAAAGAAAGAAAGAGAAAGGAAGGAAGAAAGAGAGAGAAAGACCAGCTGACTCTCCAT	AAAG	AGAAAGGAAG	48244773	48244417	48245073	14	AAAG(14)	SSX1
chrX	53279932	AGGGAGGGAGGGAGGGAGGGAGGAAGGAAGGAAGGAAGGAAGGAAGGAAGAAAAAAAGAAAAAAACCACAAAGTCAAGAAAGAGAGGACGGCACTCGAACCACATACAGAACACAACGACA	AGGA	AGAAAAAAAG	53279960	53279632	53280260	7	AGGA(7)	IQSEC2
chrX	68903924	TTCTTTTCTTTTCTTTTCCTTTTCTTTCTTTCTTTCTTTCTTTCTTTCTTTCTTTCTTTCTTTCTTTCTTTCTTTCTTTCTTTCTTTCCTTTCTTTCTCTTTCTTTTCCTTTCTTTCTTTC	TTTC	CTTTCTTTCT	68903992	68903624	68904292	17	TTTC(17)	EFNB1
chrX	88417303	GGGAAAGAAAGAGTGAAGGGAGGAAGGAAGGAAGGAAGGAAGGAAGGAAGGAAGGAAGGAAGGGGAAGACAATAAAAAGAACAGACAAATAAGGAAAAGAAATAAAGGAAAAAAAACTAAC	AGGA	AGGGGAAGAC	88417343	88417003	88417643	10	AGGA(10)	CPXCR1
chrX	112168940	TCTTTCTTTCTTTCTTTCTTTTTCTTTCTTTCTTTCTTTCTTTCTTTTTCTTTCTTTCTTTCCTTTCTTTCTTTCCTTTCTTTCCTTTCTTTCTTTCTTTCTCTTTCTCTTTCTTTCTTTC	TTTC	TTTTTCTTTC	112168964	112168640	112169264	6	TTTC(6)	RTL4
chrX	127008981	CCGAAACGTGGCAGAGATAAAAACAAACAAACAAACAAACAAACAAAAACCCAAAAACAAAACAAAACAAACAAAAAACACTTCAGGGCAATATCATTGATAAACATTAATGCTAAAATCT	AAAC	AAAAACCCAA	127009005	127008681	127009305	6	AAAC(6)	PRR32
chrX	136270831	AGGTTCCTTAAACAAGAATCTATGTATGTATGTATGTATGTATGTATCTATTCATCTATCATCTGTTCTATATCTATGTAATATGAACCGAATATGCACTACAATGATTTTACTCTTGCTC	TATG	TATCTATTCA	136270855	136270531	136271155	6	TATG(6)	MAP7D3
chrX	137545369	AGTACTAGAGCAGTACTTATTCACTCACTCACTCACTCACTCACTCACTCACTCACTCACTTTCTCTTCAGCACCTTGCCTTGAGATGCTCCAGCGCTGGGCTTTTCCTGCTTTAACCTTT	CACT	TTCTCTTCAG	137545409	137545069	137545709	10	CACT(10)	TCAC1
chrX	137554666	ACAGAGACCCTAAGAAAGAAAAAGAAAGAAAGAAAGAAAGAAAGAAAGAAAGAAAGAAAGAAAGAAAGAGAGAAAGAAAGGCTGGGTTCAGTGGCTTACGCCTGTAATCCTAGCACTTTGG	AAAG	AGAGAAAGAA	137554714	137554366	137555014	12	AAAG(12)	LINC02931_2
chrX	137568340	GGAGCCCCCTGGATCGATCGATCTATCTATCTATCTATCTATCTATCTATCTATCTATCTATCTATATTTTTTTCCTCAAACATTAACTACGACTACCCAGGCTTTTTAATATCGGGCTTA	ATCT	ATATTTTTTT	137568384	137568040	137568684	11	ATCT(11)	ZIC3
chrX	139971054	GCGTAAAAAGGCTGACTCTCCCTTCCTTCCTTCCTTCCTTCCTTCCTTCCTTCCTTCCTTCCTTCCTTCCTTCCTTCCTTCTTTCCTTAATTCCTCCCTCCCTCCCTCCCTCCCTCTCTTT	CCTT	CTTTCCTTAA	139971114	139970754	139971414	15	CCTT(15)	CXorf66
chrX	146615479	AAGAGGTGTTCGTTTGTTTGTTGTTTGTTTGTTTGTTTGTTTGTTTGTTTTTAATCAGCTCTCACCCCATTCCCTGACCACATAGGCAGAATCTTAGTCTGTGCGGCTCTGTTCTGCTTTG	TTGT	TTTTAATCAG	146615507	146615179	146615807	7	TTGT(7)	ANKRD11P2
