chrX	833522	AACAGAGCAAGACTCCATCTCAAACAAACAAACAAACAAACAAAGAAAAAAACTACATGATTGCTGTTTTTGTTTTATCTCTGTGCTCTGAAACTATCCTATCCTATGTGCAAGAATGGGT	CAAA	GAAAAAAACT
chrX	1109474	CAGCTGGGGCAAGAAAGAAAGAAGGAAGGAAGGAAGGAAGGAAGGAAGGAGGGAGGGAGGGAGGGAGGGAGGGAGGGAGGGAGGAGGAAGGAAAGAAATGGACGGAAAGAAAGGGAAGGAA	GAAG	GAGGGAGGGA
chrX	1466865	TCCTTCCTTCTCTTCTTCCCTCCTTCCTTCCTTCCTTCCTTCCTTCCCGCCCTCCCTCCCTCCCGTCCTTCCTTGGATCAGGGAGGTCATTGGAGACCTCGGCCCACGTCAGAGGCTGAGA	TCCT	TCCCGCCCTC
chrX	1658563	TCCAAGCCCCAGCACACTTTTTTGTTTGTTTGTTTGTTTGTTTGTTTTGCAGTTTGCAGGTGATAGTTTCTAAAGATGTGTTTTTCTATTTTTCTTTCTTTCTTTCTTTTTTTTTTTTTTT	TTTG	TTTTGCAGTT
chrX	4551340	TATGTATGTATGTATGTATGTATCTATCTATCTATCTATCTATCTATCTATTTATTATCTATCTATCCCTCTATGCTGGTGAGGGGATGAGAAGGGCACTTTACCTCTGTGGTATTTGTTC	TATC	TATTTATTAT
chrX	31267106	ACGGAAAGGAAAAAGAAAAGAGAAAGAAAGAAAGAAAGAAAGAAAGAAAGAGGATGGGGATTTAAGGTAGACCCAGGAACCTGGAAGCCACACACCGCTCTGCTAACACCTCCTTAAAGCC	AGAA	AGAGGATGGG
chrX	39613271	AAAAGGTAAGGACCTCACTGAGGAAGGAAGGAAGGAAGGAAGGAAGGAAGGGAGGGAGGGAGGGAGGGAGGTTGGATGGGAGGGGAGGGGAGGAAGAAAGAGAGAAAGAGAGGAAGAAAAA	AGGA	AGGGAGGGAG
chrX	46836337	AGCGAGACCCTGTGAAAGAAAAAGAAAGAAAGAAAGAAAGAAAGAAAGAAAGAAAGAAAGAAAGAAAGAAAGAAAGAAAGAAAGAGCACAGAAGAGGATTGGGAGGTTATGGGGTACAATT	AAAG	AGCACAGAAG
chrX	48013010	CCTTCTCATGACTTCCCATCTGCTTGCTTGCTTGCTTGCTTGCTTCCTTTCTTTCTTTCTTTCTTTCTTTCTTTCTGACAAGGTCTCACTCTGTCACCTAGGCTGGAGTGCAGAGGTGCGA	TGCT	TCCTTTCTTT
chrX	48244717	AAGAAAGAAAGAAAGAAAGAAAAGAAAGAAAGAAAGAAAGAAAGAAAGAAAGAAAGAAAGAAAGAAAGAAAGAAAGAGAAAGGAAGGAAGAAAGAGAGAGAAAGACCAGCTGACTCTCCAT	AAAG	AGAAAGGAAG
chrX	53279932	AGGGAGGGAGGGAGGGAGGGAGGAAGGAAGGAAGGAAGGAAGGAAGGAAGAAAAAAAGAAAAAAACCACAAAGTCAAGAAAGAGAGGACGGCACTCGAACCACATACAGAACACAACGACA	AGGA	AGAAAAAAAG
chrX	68903924	TTCTTTTCTTTTCTTTTCCTTTTCTTTCTTTCTTTCTTTCTTTCTTTCTTTCTTTCTTTCTTTCTTTCTTTCTTTCTTTCTTTCTTTCCTTTCTTTCTCTTTCTTTTCCTTTCTTTCTTTC	TTTC	CTTTCTTTCT
chrX	88417303	GGGAAAGAAAGAGTGAAGGGAGGAAGGAAGGAAGGAAGGAAGGAAGGAAGGAAGGAAGGAAGGGGAAGACAATAAAAAGAACAGACAAATAAGGAAAAGAAATAAAGGAAAAAAAACTAAC	AGGA	AGGGGAAGAC
chrX	112168940	TCTTTCTTTCTTTCTTTCTTTTTCTTTCTTTCTTTCTTTCTTTCTTTTTCTTTCTTTCTTTCCTTTCTTTCTTTCCTTTCTTTCCTTTCTTTCTTTCTTTCTCTTTCTCTTTCTTTCTTTC	TTTC	TTTTTCTTTC
chrX	127008981	CCGAAACGTGGCAGAGATAAAAACAAACAAACAAACAAACAAACAAAAACCCAAAAACAAAACAAAACAAACAAAAAACACTTCAGGGCAATATCATTGATAAACATTAATGCTAAAATCT	AAAC	AAAAACCCAA
chrX	136270831	AGGTTCCTTAAACAAGAATCTATGTATGTATGTATGTATGTATGTATCTATTCATCTATCATCTGTTCTATATCTATGTAATATGAACCGAATATGCACTACAATGATTTTACTCTTGCTC	TATG	TATCTATTCA
chrX	137545369	AGTACTAGAGCAGTACTTATTCACTCACTCACTCACTCACTCACTCACTCACTCACTCACTTTCTCTTCAGCACCTTGCCTTGAGATGCTCCAGCGCTGGGCTTTTCCTGCTTTAACCTTT	CACT	TTCTCTTCAG
chrX	137554666	ACAGAGACCCTAAGAAAGAAAAAGAAAGAAAGAAAGAAAGAAAGAAAGAAAGAAAGAAAGAAAGAAAGAGAGAAAGAAAGGCTGGGTTCAGTGGCTTACGCCTGTAATCCTAGCACTTTGG	AAAG	AGAGAAAGAA
chrX	137568340	GGAGCCCCCTGGATCGATCGATCTATCTATCTATCTATCTATCTATCTATCTATCTATCTATCTATATTTTTTTCCTCAAACATTAACTACGACTACCCAGGCTTTTTAATATCGGGCTTA	ATCT	ATATTTTTTT
chrX	139971054	GCGTAAAAAGGCTGACTCTCCCTTCCTTCCTTCCTTCCTTCCTTCCTTCCTTCCTTCCTTCCTTCCTTCCTTCCTTCCTTCTTTCCTTAATTCCTCCCTCCCTCCCTCCCTCCCTCTCTTT	CCTT	CTTTCCTTAA
chrX	146615479	AAGAGGTGTTCGTTTGTTTGTTGTTTGTTTGTTTGTTTGTTTGTTTGTTTTTAATCAGCTCTCACCCCATTCCCTGACCACATAGGCAGAATCTTAGTCTGTGCGGCTCTGTTCTGCTTTG	TTGT	TTTTAATCAG
