chrX	3029150	TCTCTTCCTCCCCTTCCTTTTCCTCCTCCTCCTCCTCCTCCTCTTTCTTCTGCTATAAAATGCGTGACTGAACCATGCCTCTCTCATCACCTTCTACACACCCCCTTCTCTCCCAAGAGTG	TCC	TCTTTCTTCT
chrX	11427816	GCGCGAAGGGGGAGGGGGAAGAGGAGGAGGAGGAGGAGGAGGAGGAGGAGGAGGAGGAGGAGGAGGAGGGAGCGGCCGAGTCTGATGCGATGGGCGGGCGTTTAATTCCTTCCGCTCCTGG	GAG	GGAGCGGCCG
chrX	21374595	ACCGGAGCGGAGCGGCGGAGGCAGCAGCAGCAGCAGCAGCAGCAGCAGCAGCAGCAGCCGCCGCCGCCGCCGCCTTAGCGGGAACTGAGCAGACCCGGCGCGGAGCCACGACTCCTGCACG	CAG	CCGCCGCCGC
chrX	21839751	CGCCATGATTCCGGTGTCGCTGGTGGTGGTGGTGGTGGGTGGCTGGACTGTCGTCTACCTGACCGACTTGGTGCTGAAGGTGAGGGCCTTGGGCCTAAGGTCCAAGCCCGCGGTGCCCATG	TGG	GTGGCTGGAC
chrX	37737518	ATGTTTTCTTTTTCTTTTCTTTCTTCTTCTTCTTCTTCTTTTTTTTTTTTTTTTGAGACAGAGTCTTGCTCTGTTGCCCAGGCTGCAGTGCAGTGGCTCGATCTCAGCTCACTGCAACCTC	CTT	TTTTTTTTTT
chrX	38220723	GCTGCGGCTGGGCGGGACGCGCAGCAGCAGCAGCAGCAGCAGAGGCGGCAGCAGCAGCAGCAGCGCGGGCCGATGTGCGGGGCTCCCCATGGCGAGCGGGCGCTTAGCTCGCCTCGGCAGC	CAG	AGGCGGCAGC
chrX	38562575	AGGGGGGAGGAGGAGGAGGGGGAGGAGGAGGAGGAGGAGGGGGCTCCAGGCTTGTGCCTTACCTCATCCTGTTTGGCAAATCATGGAATCAGTGCAGGGCTGACACTGCAGTGATTCACTG	AGG	GGGCTCCAGG
chrX	48631673	CTCTGTAGCCAACCTGTTCCCTGCTGCTGCTGCTGCTGCTGCTGCTGCTGCTGCTGCAGTCGTTTGGTTTCCTCTTTGAATCTGAGATGATTCTGAGGTCTACACTGCAAACTCTTGGCAT	TGC	AGTCGTTTGG
chrX	54358355	GCTCTACCCTCTCCCCTCAGAGAAGAAGAAGAAGAAGAAAAGTCCAAGCACACACTACTTCCTAGCCCCCCACTGCCCACCCTTGGGTCTCCGCGAGCCTCTGAATGCTGTAGCGCCGCTG	AGA	AAAGTCCAAG
chrX	67545317	GGCGCCAGTTTGCTGCTGCTGCAGCAGCAGCAGCAGCAGCAGCAGCAGCAGCAGCAGCAGCAGCAGCAGCAGCAGCAGCAGCAGCAGCAAGAGACTAGCCCCAGGCAGCAGCAGCAGCAGC	CAG	CAAGAGACTA
chrX	69082485	GGAGCAGAGAGATAAAGGAACCTCCTCCTCCTCCTCCTCCTCTACTTCCTCCCCCTCCCCTCTCACTCCCTCCCAGCTGGATCTCATTACCCTACCCGGCCAGGCCAAGGCCAAGCCCCAG	CCT	CTACTTCCTC
chrX	69083812	CAGCTCTCCTGGTATTTTTTTTCTTCTTCTTCTTCTTCTTTTCATTTGTCTCTGAGCTGGAAAGAACATGTGCTTGGCAGATTTTTATTTATTAACTCTATAGCTTGCTCTCTCGTGCTAT	TTC	TTTTCATTTG
chrX	69505336	GACGCCGCCGCGCTGACTATCTGCTGCTGCTGCTGCTGCTGGGCTCCCAGGCCGAGCGACAAACCTTGCGCCGACTCCGAGCGGGCGCAGCGATGGCGACTGTCCCTGGCGTCCCTGCTCT	CTG	GGCTCCCAGG
chrX	74925420	CGGCGGTGGTGGCGGCGGCGGCTGCTGCTGCTGCTGCTGATGCTACTGGTTTTCCTTCCCAGGTTCTTCCCCTGCCTCGTCCCCCCTCCTCCCCCTTCCTCCTCCTCCTCCTACTCCTCCT	GCT	GATGCTACTG
chrX	107449953	TGCCGCGCCGCTGAGGAGGCGGAGGAGGAGGAGGAGGAGGAGGAAGAGGAGGAGGAAGAGGAGGGGGAGGAAGGTAAGAGGCGCGCTGCCTTCAGGGGGGCGCGCCCGCTGTCTCAGCCCA	GGA	AGAGGAGGAG
chrX	119758501	GGCCCTCCCCTAGCTCCCTCCCTCCTCCTCCTCCTCCTCCTCCTCCTCTCCTTTGCTCCCTCCCTCCGAACCCAATTGCTCAAGCAGCTTCCTTCCCCAACGCCAGCGCCAGTTCCTCTCC	CCT	CTCCTTTGCT
chrX	123767927	CCTCCCAAAGCTCTGGGGTTTTGTTGTTGTTGTTGTTGTTTTGTCTTGTTTTTTAGAGACAGGTTCTAGCTCTGTCACCCAGGCTAGAGTACAGTGGCACAATCACGGCTCACTGCAGCTT	TTG	TTTTGTCTTG
chrX	130090383	ACTCTGTCTCAAAAAAAAAAAAGAAGAAGAAGAAGAAGAAGCCACACACATGCAGGGCACATTGAACCTTCACAGTGCCTTCCCCACCTCCACAGTGCCTTCCCCACCTCCACCTCCGTGC	AAG	CCACACACAT
chrX	133307790	TAAAATGCAGACGTTTAAATAACAACAACAACAACAACAACAAAACCCAGTGCATTTTGTAACTCCTTATTCCCCTAGTGGCAAGGAATGGCCAGATCACTAATGTGTTTGTGAAAGACTG	AAC	AAAACCCAGT
chrX	134197606	AGAGTGAGACTCTGTTTCAAAACAACAACAACAACAACAACAACAACAACAACAACAACAGCAAACCCAAAACTTTTGCCTGGCCGGGTGTGATGGCTCATGCCTGTAATCCCAGCATTTG	AAC	AGCAAACCCA
chrX	136767839	AGTGACAGCGGCGCAGGCAGAGCAGCAGCAGCAGCAGCAGCAGCAGCAGCAGCCCTGGTAGCTGTGGCAGCAGCAAAAGCCGCGGTGTACCCGCGGCGGCCACACTGCGCATGCTGCTGCC	AGC	CCTGGTAGCT
chrX	138984524	AAGAAGAGGAAGAAGAAGAGGAAGAAGAAGAAGAAGAAGAAGAAGAAGAAGAAGAAGAAGAAGAAGAAGAAGAAGAAGAAGAAGAAGGAGGAGGAGGAGGAGGAGGAGGAGGATGAGGAAG	GAA	GGAGGAGGAG
chrX	144394661	TGCCTCTTCCTCTCTTCCTTCTCCTCCTCCTCCTCCTCCTTGTTCTTCTTCTTCTTTTTCTTCCTCTAACTATTCGTGTTAGGTTATTCTCATATTGTTATAAAGAAACACCTGAGACTGT	CTC	CTTGTTCTTC
chrX	153945062	ACAGGAGGCAAGTTCTGTTTTTGTTGTTGTTGTTGTTGTTTGTTTCTTTGTTTTTTGAGACAGTGTCCTGTCGCCCAGGCAGCTCACTGCAGCCTTGACCTGCCAGGCTCAAGCGATCCTC	TTG	TTTGTTTCTT
